id,Timestamp,Bootcamp,Share link Google Slide atau Canva kamu disini (jangan lupa diberi akses view),Unnamed: 0
84e82477-5fb8-432b-9c0f-6bd0306ca028,8/4/2024 17:07:07,,https://docs.google.com/xxxxxxxxxxxxxxxxxxxxxxxxx,
d8e7fd49-fb6b-4a43-9ca1-b4d4c80a3ee3,8/9/2024 11:14:41,,https://docs.google.com/xxxxxxxxxxxxxxxxxxxxxxxxx,
c9e8e549-6753-4996-9924-8000e409dca2,5/31/2025 11:17:39,Offline,https://www.canva.com/xxxxxxxxxxxxxxxxxxxxxxxxx,
141ebfff-2112-4fb0-9522-2f6a34f388a7,6/1/2025 8:31:16,Offline,https://docs.google.com/xxxxxxxxxxxxxxxxxxxxxxxxx,
c9a82866-52ad-4597-8b87-453b4bc3a9d7,6/8/2025 15:30:27,Online,https://docs.google.com/xxxxxxxxxxxxxxxxxxxxxxxxx,
ccadbee5-4eed-499c-917d-0005cfe48a5d,6/17/2025 18:31:44,Online,https:/xxxxxxxxxxxxxxxxxxxxxxxxx,
e6167931-7dcd-40cb-a065-3804a08ae841,8/1/2024 19:23:29,,https://docs.google.com/xxxxxxxxxxxxxxxxxxxxxxxxx,0.0
28c21980-3720-4511-bec7-cc2e6275750a,6/3/2024 15:04:59,,https://docs.google.com/xxxxxxxxxxxxxxxxxxxxxxxxx,1.0
6182a456-4de8-43e2-b54f-5836017a532d,5/31/2025 11:17:05,,https://www.canva.com/xxxxxxxxxxxxxxxxxxxxxxxxx,2.0
1efd7e76-acea-457d-b43c-d2c538c532b2,6/3/2024 15:04:59,,https://docs.google.com/xxxxxxxxxxxxxxxxxxxxxxxxx,3.0
3225e9ea-e884-40bd-a656-818e699d86ec,8/1/2024 21:16:57,,https://docs.google.com/xxxxxxxxxxxxxxxxxxxxxxxxx,4.0
7b2398e5-7c99-4ccd-aa73-5c987b82858f,6/3/2024 15:04:59,,https://www.canva.com/xxxxxxxxxxxxxxxxxxxxxxxxx,5.0
37ff7521-e05d-4635-8d59-e3c6f852d77d,5/31/2025 11:17:05,,https://docs.google.com/xxxxxxxxxxxxxxxxxxxxxxxxx,6.0
1de40c3b-877b-48c2-be67-4021b5459754,6/3/2024 15:04:59,,https://www.canva.com/xxxxxxxxxxxxxxxxxxxxxxxxx,7.0
3d110c2c-e912-45ac-b49c-d55781dd00dd,8/1/2024 21:16:57,,https://docs.google.com/xxxxxxxxxxxxxxxxxxxxxxxxx,8.0
b08e0cea-9237-4a5a-87d6-3f72a313ae3f,8/1/2024 19:23:29,Offline,https://docs.google.com/xxxxxxxxxxxxxxxxxxxxxxxxx,9.0
2af566fa-f86c-462b-b3cf-5868069d103e,8/1/2024 19:23:29,Offline,https://docs.google.com/xxxxxxxxxxxxxxxxxxxxxxxxx,10.0
223e96b7-dfbe-442b-9b28-7fef065a6044,8/1/2024 19:23:29,Offline,https://docs.google.com/xxxxxxxxxxxxxxxxxxxxxxxxx,11.0
1c8b2fc6-6dea-4184-9cb0-5dfbe49b73da,8/1/2024 19:23:29,Offline,https://docs.google.com/xxxxxxxxxxxxxxxxxxxxxxxxx,12.0
37725a9e-f7e1-4803-ad03-e9be32e186d4,8/1/2024 21:16:57,Offline,https://docs.google.com/xxxxxxxxxxxxxxxxxxxxxxxxx,13.0
23205395-678b-4b55-a150-3fc8227c3a18,8/1/2024 19:23:29,,https://docs.google.com/xxxxxxxxxxxxxxxxxxxxxxxxx,14.0
66435fb2-4e78-43d7-952d-d83ed97c5590,8/1/2024 19:23:29,,https://docs.google.com/xxxxxxxxxxxxxxxxxxxxxxxxx,15.0
2f773992-bd33-499d-b4d8-9de663d61d09,8/1/2024 19:23:29,Offline,https://docs.google.com/xxxxxxxxxxxxxxxxxxxxxxxxx,16.0
73ae6177-466a-40ab-833a-67f5a7eedc79,8/1/2024 21:16:57,,https://docs.google.com/xxxxxxxxxxxxxxxxxxxxxxxxx,17.0
b201d5cd-6e38-4c63-8347-e1dbd89720e9,6/3/2024 15:04:59,,https://docs.google.com/xxxxxxxxxxxxxxxxxxxxxxxxx,19.0
9bb07206-a24d-488b-91d9-853f606d5fd4,8/1/2024 21:16:57,,https://docs.google.com/xxxxxxxxxxxxxxxxxxxxxxxxx,20.0
c16dd75d-767f-4f05-a3cf-e3207ecb51a4,8/1/2024 19:23:29,,https://docs.google.com/xxxxxxxxxxxxxxxxxxxxxxxxx,21.0
d5fbe51e-866a-4bc6-acd4-65604d50f3e6,8/1/2024 19:23:29,Offline,https://docs.google.com/xxxxxxxxxxxxxxxxxxxxxxxxx,22.0
1cb0d1bf-328c-48fc-ba36-d238bcf1b7f6,6/3/2024 15:04:59,,https://www.canva.com/xxxxxxxxxxxxxxxxxxxxxxxxx,24.0
a2509b39-af24-4703-842f-27c2dcd12475,8/1/2024 21:16:57,,https://docs.google.com/xxxxxxxxxxxxxxxxxxxxxxxxx,25.0
50bc13c3-0c72-4cab-a0af-b1569c6608e6,6/3/2024 15:04:59,,https://docs.google.com/xxxxxxxxxxxxxxxxxxxxxxxxx,26.0
8633ed8f-31e9-45be-8c95-1a50d1658229,5/31/2025 11:17:05,,https://docs.google.com/xxxxxxxxxxxxxxxxxxxxxxxxx,27.0
38ba55a0-96fe-4f04-af03-fe2a75bf9968,8/1/2024 19:23:29,Offline,https://www.canva.com/xxxxxxxxxxxxxxxxxxxxxxxxx,28.0
e7ec3fdb-639e-430f-978e-10c034fd3978,8/1/2024 21:16:57,,https://docs.google.com/xxxxxxxxxxxxxxxxxxxxxxxxx,29.0
b72ffd03-aef1-4d7f-896e-953964384583,8/1/2024 21:16:57,Offline,https://docs.google.com/xxxxxxxxxxxxxxxxxxxxxxxxx,30.0
a9c35b24-76a8-4b67-addd-81845fb390c7,5/31/2025 11:17:05,,https://docs.google.com/xxxxxxxxxxxxxxxxxxxxxxxxx,31.0
202f45d7-fcef-4cc2-8278-6cd8e89d01cd,5/31/2025 11:17:05,,https://docs.google.com/xxxxxxxxxxxxxxxxxxxxxxxxx,32.0
640d60da-a441-4460-b386-d9613ee01d28,6/3/2024 15:04:59,,https://docs.google.com/xxxxxxxxxxxxxxxxxxxxxxxxx,35.0
dac33426-3c77-4e9c-807c-3ecdc261339f,5/31/2025 11:17:05,,https://www.canva.com/xxxxxxxxxxxxxxxxxxxxxxxxx,36.0
d4024ed1-cddb-4e3c-aea5-6616191d699f,8/1/2024 19:23:29,,https://docs.google.com/xxxxxxxxxxxxxxxxxxxxxxxxx,38.0
6ec72b3a-0222-42ca-a3fe-bc17e019a32f,8/1/2024 21:16:57,,https://docs.google.com/xxxxxxxxxxxxxxxxxxxxxxxxx,39.0
f6c33008-5144-41d8-b2a5-a570e9f1561b,8/1/2024 19:23:29,,https://www.canva.com/xxxxxxxxxxxxxxxxxxxxxxxxx,40.0
9b6d950a-d667-4f0b-ac67-0d810b2feff6,8/1/2024 21:16:57,,https://docs.google.com/xxxxxxxxxxxxxxxxxxxxxxxxx,41.0
47ab6a24-9a36-4af9-b4a4-651bfa037130,5/31/2025 11:17:05,,https://docs.google.com/xxxxxxxxxxxxxxxxxxxxxxxxx,42.0
d26cad8a-57db-41ec-9679-d73b30e718dc,5/31/2025 11:17:05,,https://www.canva.com/xxxxxxxxxxxxxxxxxxxxxxxxx,43.0
9ffb6093-07ab-4c59-8f50-d7b38b640c04,6/3/2024 15:04:59,Offline,https://docs.google.com/xxxxxxxxxxxxxxxxxxxxxxxxx,44.0
e835a550-12b8-48aa-84a8-7fc1c8b1e775,8/1/2024 21:16:57,,https://docs.google.com/xxxxxxxxxxxxxxxxxxxxxxxxx,45.0
ab9d4c1f-1773-4f12-88e1-ecd78f51e309,8/1/2024 21:16:57,Offline,https://www.canva.com/xxxxxxxxxxxxxxxxxxxxxxxxx,46.0
e876c637-3708-402f-9fc3-ed2a59c697c9,8/1/2024 21:16:57,,https://docs.google.com/xxxxxxxxxxxxxxxxxxxxxxxxx,47.0
52a42141-4b24-488f-8631-7ef301b1c14c,8/1/2024 19:23:29,,https://docs.google.com/xxxxxxxxxxxxxxxxxxxxxxxxx,48.0
4c39b0b9-c9d0-45ac-b545-190c3da984fa,8/1/2024 21:16:57,Offline,https://docs.google.com/xxxxxxxxxxxxxxxxxxxxxxxxx,49.0
9fd059e2-db33-4855-9374-7ccccc82e66e,5/31/2025 11:17:05,,https://docs.google.com/xxxxxxxxxxxxxxxxxxxxxxxxx,50.0
90f03727-0a86-4f64-8828-9b8d6d2a0650,8/1/2024 19:23:29,,https://docs.google.com/xxxxxxxxxxxxxxxxxxxxxxxxx,51.0
4f727795-2eba-42fd-97a6-dd7a8a15282b,6/3/2024 15:04:59,Offline,https://docs.google.com/xxxxxxxxxxxxxxxxxxxxxxxxx,52.0
fea9deb6-7320-4e71-8c81-a5529ccdd68c,6/3/2024 15:04:59,,https://docs.google.com/xxxxxxxxxxxxxxxxxxxxxxxxx,53.0
89659f75-6600-40be-8c14-322a5ae87e24,8/1/2024 19:23:29,Offline,https://www.canva.com/xxxxxxxxxxxxxxxxxxxxxxxxx,54.0
8d2d94c5-8114-4962-a74e-d3f9ce3f36f5,5/31/2025 11:17:05,,https://docs.google.com/xxxxxxxxxxxxxxxxxxxxxxxxx,55.0
11a3f0b6-30be-4055-bd52-045a04e860fe,6/3/2024 15:04:59,Offline,https://docs.google.com/xxxxxxxxxxxxxxxxxxxxxxxxx,56.0
cec079b7-5691-4cd0-9092-3b0388c25d4a,5/31/2025 11:17:05,,https://www.canva.com/xxxxxxxxxxxxxxxxxxxxxxxxx,57.0
f79501bb-dbe6-4ba4-8439-e4740856c51a,6/3/2024 15:04:59,,https://docs.google.com/xxxxxxxxxxxxxxxxxxxxxxxxx,58.0
f064f333-666c-499f-bfcb-b71607e60de7,8/1/2024 21:16:57,Offline,https://docs.google.com/xxxxxxxxxxxxxxxxxxxxxxxxx,59.0
5939bdfb-18e1-40ee-8654-d802e218a33f,8/1/2024 21:16:57,,https://docs.google.com/xxxxxxxxxxxxxxxxxxxxxxxxx,60.0
e7cb74f4-ab7a-4555-90a9-a9f5ecb3f9b6,5/31/2025 11:17:05,Offline,https://docs.google.com/xxxxxxxxxxxxxxxxxxxxxxxxx,61.0
e98d0b49-dc22-4be4-89e6-38ba25d671b3,8/1/2024 19:23:29,,https://docs.google.com/xxxxxxxxxxxxxxxxxxxxxxxxx,62.0
91753f65-ede6-4be5-b7a7-9e8b4da7cc42,5/31/2025 11:17:05,,https://docs.google.com/xxxxxxxxxxxxxxxxxxxxxxxxx,63.0
53292fdb-b353-457a-8482-81bdab16d44f,5/31/2025 11:17:05,Offline,https://www.canva.com/xxxxxxxxxxxxxxxxxxxxxxxxx,64.0
9493905e-b65c-40ce-b799-c350ed3e1f18,5/31/2025 11:17:05,,https://docs.google.com/xxxxxxxxxxxxxxxxxxxxxxxxx,65.0
9b87a188-a71f-4d7a-bb50-b7fae8022f80,8/1/2024 21:16:57,,https://docs.google.com/xxxxxxxxxxxxxxxxxxxxxxxxx,66.0
be4db01d-a7c7-4918-93df-7014dc077733,8/1/2024 19:23:29,,https://docs.google.com/xxxxxxxxxxxxxxxxxxxxxxxxx,67.0
dfac5d22-8882-4707-bbe8-9325b9ddc739,5/31/2025 11:17:05,Offline,https://docs.google.com/xxxxxxxxxxxxxxxxxxxxxxxxx,68.0
afcb575e-c985-4e48-8663-6e73dd6dbe65,8/1/2024 19:23:29,,https://docs.google.com/xxxxxxxxxxxxxxxxxxxxxxxxx,69.0
342ea9ee-c313-48ec-9c3e-d11cc7614f54,6/3/2024 15:04:59,Offline,https://docs.google.com/xxxxxxxxxxxxxxxxxxxxxxxxx,70.0
dd17fd3c-6723-465c-8b53-ce5998b51003,6/3/2024 15:04:59,,https://docs.google.com/xxxxxxxxxxxxxxxxxxxxxxxxx,71.0
44ca9a06-8b5d-42d1-a313-dfee18559727,6/3/2024 15:04:59,,https://docs.google.com/xxxxxxxxxxxxxxxxxxxxxxxxx,72.0
dda13a7f-e01e-4084-b353-9a7870744ff1,8/1/2024 19:23:29,,https://docs.google.com/xxxxxxxxxxxxxxxxxxxxxxxxx,73.0
cae3f7d3-ef38-44cd-99ae-c2606063e41f,8/1/2024 19:23:29,Offline,https://docs.google.com/xxxxxxxxxxxxxxxxxxxxxxxxx,74.0
26180c48-bfbb-4af5-b4ff-6a1aa15b9f84,6/3/2024 15:04:59,,https://docs.google.com/xxxxxxxxxxxxxxxxxxxxxxxxx,75.0
5cb0e54b-ec8d-46d8-8d81-eaa3e0687114,5/31/2025 11:17:05,,https://docs.google.com/xxxxxxxxxxxxxxxxxxxxxxxxx,76.0
ab3fe741-a432-4b93-97e7-ca7f86b14d56,6/3/2024 15:04:59,,https://docs.google.com/xxxxxxxxxxxxxxxxxxxxxxxxx,77.0
51c428b4-c4a7-4da8-86e1-1fa640026086,8/1/2024 19:23:29,,https://docs.google.com/xxxxxxxxxxxxxxxxxxxxxxxxx,78.0
49e2e565-049d-4753-871a-2ec2587d386e,5/31/2025 11:17:05,,https://docs.google.com/xxxxxxxxxxxxxxxxxxxxxxxxx,79.0
e59739bb-d66f-479b-92f8-1a526fb5a428,8/1/2024 21:16:57,,https://docs.google.com/xxxxxxxxxxxxxxxxxxxxxxxxx,80.0
cdb366d6-e302-45aa-b61c-6bb4bd827c4f,6/3/2024 15:04:59,,https://docs.google.com/xxxxxxxxxxxxxxxxxxxxxxxxx,81.0
bd3fa596-ba3b-4756-90a8-164d551c2b98,8/1/2024 21:16:57,,https://docs.google.com/xxxxxxxxxxxxxxxxxxxxxxxxx,82.0
5fb096ef-d891-4c20-aabc-80216c7d0ac6,5/31/2025 11:17:05,Offline,https://docs.google.com/xxxxxxxxxxxxxxxxxxxxxxxxx,83.0
e0c2a19b-d844-4f21-887c-a90f7c9b4346,5/31/2025 11:17:05,,https://docs.google.com/xxxxxxxxxxxxxxxxxxxxxxxxx,84.0
6be004f0-b701-4daa-b7e2-312b56f97129,6/3/2024 15:04:59,,https://docs.google.com/xxxxxxxxxxxxxxxxxxxxxxxxx,85.0
7a024b41-0a4e-41dd-ad47-121884fa8a11,5/31/2025 11:17:05,,https://docs.google.com/xxxxxxxxxxxxxxxxxxxxxxxxx,87.0
a50dc3c0-5a19-4025-83eb-5812671c9480,8/1/2024 19:23:29,Offline,https://docs.google.com/xxxxxxxxxxxxxxxxxxxxxxxxx,88.0
d1560a24-8c99-4ae8-85f9-c9bf80991ce4,6/3/2024 15:04:59,,https://www.canva.com/xxxxxxxxxxxxxxxxxxxxxxxxx,89.0
444bb96e-33b5-408b-8f36-792f40a9e402,6/3/2024 15:04:59,,https://docs.google.com/xxxxxxxxxxxxxxxxxxxxxxxxx,90.0
11b7094b-b88a-4478-b067-09000dfe4062,6/3/2024 15:04:59,,https://www.canva.com/xxxxxxxxxxxxxxxxxxxxxxxxx,91.0
637a2933-734a-4323-a7e9-7f9f79ad4dc4,8/1/2024 19:23:29,,https://docs.google.com/xxxxxxxxxxxxxxxxxxxxxxxxx,92.0
a8272db8-0e9f-4372-a757-661bd02f9051,8/1/2024 19:23:29,,https://docs.google.com/xxxxxxxxxxxxxxxxxxxxxxxxx,94.0
c81c0d30-be22-4d14-a328-3760bfd5e023,8/1/2024 19:23:29,,https://www.canva.com/xxxxxxxxxxxxxxxxxxxxxxxxx,95.0
573f0cfc-29ec-4c96-b6fa-c4b9c5746ccf,8/1/2024 21:16:57,,https://docs.google.com/xxxxxxxxxxxxxxxxxxxxxxxxx,96.0
a51ce71d-9acf-4e2f-b3bb-2d456a3de7ec,8/1/2024 19:23:29,,https://docs.google.com/xxxxxxxxxxxxxxxxxxxxxxxxx,97.0
4c618e0b-e52e-4b54-98ca-542b28fe4432,6/3/2024 15:04:59,,https://www.canva.com/xxxxxxxxxxxxxxxxxxxxxxxxx,98.0
220cc7c6-0cef-413b-af2a-ec2208ceac65,8/1/2024 21:16:57,,https://docs.google.com/xxxxxxxxxxxxxxxxxxxxxxxxx,99.0
5ea1e29a-d64c-4b9b-bf02-d7bb6e8b1156,5/31/2025 11:17:05,,https://docs.google.com/xxxxxxxxxxxxxxxxxxxxxxxxx,100.0
f29b1b86-ab96-4876-889d-70b5955a01c7,5/31/2025 11:17:05,Offline,https://www.canva.com/xxxxxxxxxxxxxxxxxxxxxxxxx,101.0
b50df7ff-04f6-45b6-b3fd-0d96d4fbcd61,8/1/2024 19:23:29,,https://docs.google.com/xxxxxxxxxxxxxxxxxxxxxxxxx,102.0
5e6e310e-6abc-4e1a-b8e6-75b0a5b991b2,8/1/2024 21:16:57,,https://www.canva.com/xxxxxxxxxxxxxxxxxxxxxxxxx,103.0
6e1d86b6-1249-4c44-a984-f1ea046d19b8,6/3/2024 15:04:59,,https://docs.google.com/xxxxxxxxxxxxxxxxxxxxxxxxx,104.0
9054ffc8-9df3-4b73-a700-17b228a19cba,6/3/2024 15:04:59,,https://docs.google.com/xxxxxxxxxxxxxxxxxxxxxxxxx,105.0
a04fce7c-b286-4d7c-a980-189ed10f7dcb,8/1/2024 19:23:29,,https://docs.google.com/xxxxxxxxxxxxxxxxxxxxxxxxx,106.0
f443f8f7-c1f8-4b45-a91c-5a994f4c0ef6,6/3/2024 15:04:59,Offline,https://docs.google.com/xxxxxxxxxxxxxxxxxxxxxxxxx,107.0
e7d7ce10-2049-4fbe-8a69-710eb0c0b707,8/1/2024 21:16:57,,https://docs.google.com/xxxxxxxxxxxxxxxxxxxxxxxxx,108.0
ff9d3a2b-707a-4274-9447-421946699738,5/31/2025 11:17:05,,https://docs.google.com/xxxxxxxxxxxxxxxxxxxxxxxxx,109.0
22b43ba7-0a64-49dd-bf2f-b6920e84a056,5/31/2025 11:17:05,Offline,https://docs.google.com/xxxxxxxxxxxxxxxxxxxxxxxxx,110.0
65f9bddd-fe54-4b4a-b2fa-8104c5db89c0,8/1/2024 19:23:29,,https://www.canva.com/xxxxxxxxxxxxxxxxxxxxxxxxx,111.0
b19d51d1-cbaf-4d83-948a-e8f634e3ca48,8/1/2024 21:16:57,,https://docs.google.com/xxxxxxxxxxxxxxxxxxxxxxxxx,112.0
68808f5c-066f-4afa-b2fa-ae7abe1e6ba5,6/3/2024 15:04:59,,https://docs.google.com/xxxxxxxxxxxxxxxxxxxxxxxxx,113.0
8f526ed2-d369-4494-ac76-83d6b718337f,8/1/2024 19:23:29,,https://docs.google.com/xxxxxxxxxxxxxxxxxxxxxxxxx,114.0
53204bad-4011-4a1a-b4d1-cee62543e32e,8/1/2024 19:23:29,Offline,https://docs.google.com/xxxxxxxxxxxxxxxxxxxxxxxxx,115.0
9cdeb8f3-f6ad-44fd-bccb-390c69038d0b,8/1/2024 21:16:57,,https://www.canva.com/xxxxxxxxxxxxxxxxxxxxxxxxx,116.0
d13135a7-9a68-4169-815e-981149a54291,5/31/2025 11:17:05,,https://docs.google.com/xxxxxxxxxxxxxxxxxxxxxxxxx,117.0
fb0fdb0e-a962-4fa1-8447-b5f52235ffe8,8/1/2024 19:23:29,,https://docs.google.com/xxxxxxxxxxxxxxxxxxxxxxxxx,119.0
9ac75f91-4f73-4df0-bb20-b7de3069baee,6/3/2024 15:04:59,,https://www.canva.com/xxxxxxxxxxxxxxxxxxxxxxxxx,120.0
50fe2f3d-7fa4-43b4-b182-6ff9a0371dd4,5/31/2025 11:17:05,,https://docs.google.com/xxxxxxxxxxxxxxxxxxxxxxxxx,121.0
5d674651-5ef2-4f04-b0fd-1cb744d92488,8/1/2024 21:16:57,,https://www.canva.com/xxxxxxxxxxxxxxxxxxxxxxxxx,122.0
24e8d7e7-70e0-47f0-835c-f03045861de5,6/3/2024 15:04:59,,https://www.canva.com/xxxxxxxxxxxxxxxxxxxxxxxxx,123.0
375b7df7-16cd-4376-965f-52dc0c4f3eb3,6/3/2024 15:04:59,,https://www.canva.com/xxxxxxxxxxxxxxxxxxxxxxxxx,124.0
39acfef6-976a-4ca5-a481-e5d887907fad,5/31/2025 11:17:05,,https://docs.google.com/xxxxxxxxxxxxxxxxxxxxxxxxx,125.0
ebcfc29b-0f9a-4a12-88c4-66d907cc65c9,5/31/2025 11:17:05,,https://docs.google.com/xxxxxxxxxxxxxxxxxxxxxxxxx,126.0
eb698920-996b-4bbd-b8a5-7414f307aa42,5/31/2025 11:17:05,,https://docs.google.com/xxxxxxxxxxxxxxxxxxxxxxxxx,127.0
80b41e1b-5190-447f-b409-c16b01162cf0,8/1/2024 19:23:29,,https://docs.google.com/xxxxxxxxxxxxxxxxxxxxxxxxx,128.0
f6079976-5f69-482b-8b84-179dd5524bfa,8/1/2024 21:16:57,,https://docs.google.com/xxxxxxxxxxxxxxxxxxxxxxxxx,129.0
f10cf3ff-f51e-442d-bee4-d1c0099c264c,6/3/2024 15:04:59,,https://docs.google.com/xxxxxxxxxxxxxxxxxxxxxxxxx,130.0
98101cf4-a26d-4e32-9f91-6f42993b3ea1,5/31/2025 11:17:05,,https://www.canva.com/xxxxxxxxxxxxxxxxxxxxxxxxx,131.0
a93b4520-48eb-4201-afbf-b8d72d7eb56a,6/3/2024 15:04:59,,https://www.canva.com/xxxxxxxxxxxxxxxxxxxxxxxxx,132.0
61dbc7bb-5997-4446-a7eb-5b0cd4ea98db,8/1/2024 19:23:29,,https://docs.google.com/xxxxxxxxxxxxxxxxxxxxxxxxx,133.0
8e0fa808-9c9f-47f2-aaa1-6fd29a3c638d,5/31/2025 11:17:05,,https://docs.google.com/xxxxxxxxxxxxxxxxxxxxxxxxx,134.0
7c7aeed7-f005-426d-aafd-368700609ba0,5/31/2025 11:17:05,,https://docs.google.com/xxxxxxxxxxxxxxxxxxxxxxxxx,135.0
1b06ccbe-4819-4c66-9629-77abef688416,6/3/2024 15:04:59,Offline,https://www.canva.com/xxxxxxxxxxxxxxxxxxxxxxxxx,136.0
9347de8d-7c8f-4fe7-bb9d-ccf63c729d89,8/1/2024 19:23:29,,https://docs.google.com/xxxxxxxxxxxxxxxxxxxxxxxxx,137.0
26321a8a-0e7d-451e-a0f3-787a7432d9cb,8/1/2024 19:23:29,Offline,https://docs.google.com/xxxxxxxxxxxxxxxxxxxxxxxxx,138.0
a4272ae2-4e7e-4252-a49a-10445c387bc6,8/1/2024 19:23:29,,https://docs.google.com/xxxxxxxxxxxxxxxxxxxxxxxxx,139.0
e62e4b0c-e929-48f4-ad21-f172df57e747,5/31/2025 11:17:05,,https://www.canva.com/xxxxxxxxxxxxxxxxxxxxxxxxx,140.0
2d1a4ae6-c125-4238-ae47-5496c45d5d8c,8/1/2024 19:23:29,,https://www.canva.com/xxxxxxxxxxxxxxxxxxxxxxxxx,141.0
e33fe1f5-796c-4c1d-84c4-32eb396f9837,5/31/2025 11:17:05,Offline,https://www.canva.com/xxxxxxxxxxxxxxxxxxxxxxxxx,142.0
4e5e83e4-af3a-4513-ae2d-281f7991fdb7,5/31/2025 11:17:05,,https://docs.google.com/xxxxxxxxxxxxxxxxxxxxxxxxx,143.0
df68b52d-88f5-4b15-9731-39301acac35b,6/3/2024 15:04:59,,https://docs.google.com/xxxxxxxxxxxxxxxxxxxxxxxxx,144.0
c3199038-0991-484e-bfee-899557351e13,8/1/2024 21:16:57,,https://docs.google.com/xxxxxxxxxxxxxxxxxxxxxxxxx,145.0
ede1c719-13be-432a-958d-e5e220f7b972,6/3/2024 15:04:59,,https://docs.google.com/xxxxxxxxxxxxxxxxxxxxxxxxx,146.0
af8a0613-364e-42b4-903f-c2ea6ed41cea,6/3/2024 15:04:59,,https://docs.google.com/xxxxxxxxxxxxxxxxxxxxxxxxx,147.0
c393b545-0428-4a31-927b-e603aa307049,5/31/2025 11:17:05,,https://www.canva.com/xxxxxxxxxxxxxxxxxxxxxxxxx,148.0
1a26488b-6cd0-47ce-a93f-a8b4c8da09e2,8/1/2024 19:23:29,Offline,https://docs.google.com/xxxxxxxxxxxxxxxxxxxxxxxxx,149.0
d056ef76-a2d5-4e81-9a82-0a5190a878e8,8/1/2024 19:23:29,,https://docs.google.com/xxxxxxxxxxxxxxxxxxxxxxxxx,150.0
f5d4a203-e308-452c-86e4-9412e871f2e8,5/31/2025 11:17:05,Offline,https://docs.google.com/xxxxxxxxxxxxxxxxxxxxxxxxx,151.0
9e679f83-7105-4a2c-b9d2-82964ea88b4f,8/1/2024 21:16:57,,https://docs.google.com/xxxxxxxxxxxxxxxxxxxxxxxxx,152.0
20d213ef-76bf-41bb-bc87-9ffcfa2127bc,8/1/2024 19:23:29,,https://docs.google.com/xxxxxxxxxxxxxxxxxxxxxxxxx,153.0
8c8342e9-a790-4117-b607-5415d372b7f6,8/1/2024 21:16:57,,https://docs.google.com/xxxxxxxxxxxxxxxxxxxxxxxxx,154.0
a21eedda-983a-47dd-81fc-20e1b1f34d9e,5/31/2025 11:17:05,,https://docs.google.com/xxxxxxxxxxxxxxxxxxxxxxxxx,155.0
6f680a58-6e7f-4b24-ab2a-8f615cd14a21,8/1/2024 21:16:57,,https://docs.google.com/xxxxxxxxxxxxxxxxxxxxxxxxx,156.0
d5b84e64-0316-493b-9d2d-3d5a49490e9c,5/31/2025 11:17:05,,https://docs.google.com/xxxxxxxxxxxxxxxxxxxxxxxxx,157.0
85c289f3-c492-4b55-91f1-25a199c58832,8/1/2024 19:23:29,,https://docs.google.com/xxxxxxxxxxxxxxxxxxxxxxxxx,158.0
8cc0183c-f480-475a-a25b-559f3576b7c5,8/1/2024 19:23:29,,https://www.canva.com/xxxxxxxxxxxxxxxxxxxxxxxxx,159.0
86677349-04ed-425a-b521-0389359ed54e,6/3/2024 15:04:59,,https://docs.google.com/xxxxxxxxxxxxxxxxxxxxxxxxx,160.0
455e0529-272b-4550-95d5-a0bdb835ca9f,8/1/2024 21:16:57,,https://docs.google.com/xxxxxxxxxxxxxxxxxxxxxxxxx,161.0
20c3a3f4-11c6-43d4-a63d-88f54b3b8096,8/1/2024 19:23:29,Offline,https://www.canva.com/xxxxxxxxxxxxxxxxxxxxxxxxx,162.0
acf94512-66a4-418e-98d7-dfc6c4691d80,5/31/2025 11:17:05,,https://docs.google.com/xxxxxxxxxxxxxxxxxxxxxxxxx,163.0
7428131a-f272-433f-b7ae-725af2ab628d,8/1/2024 21:16:57,,https://docs.google.com/xxxxxxxxxxxxxxxxxxxxxxxxx,164.0
a137710a-0bfc-4d4e-be3b-2aa711ee0d7c,8/1/2024 21:16:57,,https://docs.google.com/xxxxxxxxxxxxxxxxxxxxxxxxx,165.0
58d13a75-2efb-4254-85fa-13bdb2ac2156,6/3/2024 15:04:59,,https://www.canva.com/xxxxxxxxxxxxxxxxxxxxxxxxx,166.0
9edfb2eb-d613-48d3-bce6-bc81bffc2ac7,8/1/2024 19:23:29,Offline,https://docs.google.com/xxxxxxxxxxxxxxxxxxxxxxxxx,167.0
8905a79c-4956-4918-b85f-f194e57c2e62,8/1/2024 19:23:29,Offline,https://www.canva.com/xxxxxxxxxxxxxxxxxxxxxxxxx,168.0
eb90a88d-20c0-4c51-98f1-a67bc873c84d,6/3/2024 15:04:59,Offline,https://docs.google.com/xxxxxxxxxxxxxxxxxxxxxxxxx,169.0
7c900363-ac5f-43a0-ae64-d5bb23688d88,6/3/2024 15:04:59,,https://docs.google.com/xxxxxxxxxxxxxxxxxxxxxxxxx,170.0
493c0fa8-bb96-4b13-b9fb-93abb37b65e7,5/31/2025 11:17:05,,https://docs.google.com/xxxxxxxxxxxxxxxxxxxxxxxxx,171.0
f9c4d67a-8176-4831-b098-8d866ed2dd52,6/3/2024 15:04:59,,https://docs.google.com/xxxxxxxxxxxxxxxxxxxxxxxxx,172.0
c44b54b6-297d-4d1f-a5cc-1fbf039d492b,6/3/2024 15:04:59,,https://docs.google.com/xxxxxxxxxxxxxxxxxxxxxxxxx,173.0
7828cf51-b3a0-48db-8231-70513625208a,8/1/2024 21:16:57,,https://docs.google.com/xxxxxxxxxxxxxxxxxxxxxxxxx,174.0
ac687490-2263-42a4-b629-41f9cb808ec3,8/1/2024 21:16:57,Offline,https://docs.google.com/xxxxxxxxxxxxxxxxxxxxxxxxx,175.0
ae0bc742-9002-4ac9-b183-a2041b84bc8b,6/3/2024 15:04:59,,https://docs.google.com/xxxxxxxxxxxxxxxxxxxxxxxxx,176.0
5ef1e3ae-45e5-41e7-956b-4cef7dcf95b5,5/31/2025 11:17:05,,https://www.canva.com/xxxxxxxxxxxxxxxxxxxxxxxxx,177.0
2c7871c7-4bd5-43a8-aa2c-3c65fc33736c,5/31/2025 11:17:05,,https://docs.google.com/xxxxxxxxxxxxxxxxxxxxxxxxx,178.0
927c3ada-c329-468f-8b53-036feb07b813,6/3/2024 15:04:59,Offline,https://www.canva.com/xxxxxxxxxxxxxxxxxxxxxxxxx,179.0
2f520f04-c2d9-4b9c-a029-6f9df9507b70,6/3/2024 15:04:59,Offline,https://www.canva.com/xxxxxxxxxxxxxxxxxxxxxxxxx,180.0
fefb10d9-4247-4d30-b89d-9efd8c703bf1,5/31/2025 11:17:05,Offline,https://docs.google.com/xxxxxxxxxxxxxxxxxxxxxxxxx,181.0
9272dcff-3d6f-401f-9f68-7c06df177b96,6/3/2024 15:04:59,Offline,https://docs.google.com/xxxxxxxxxxxxxxxxxxxxxxxxx,182.0
9798eef8-20b9-4df4-a0de-81ed2227b9bf,8/1/2024 21:16:57,,https://www.canva.com/xxxxxxxxxxxxxxxxxxxxxxxxx,183.0
83da35e2-88ab-4562-9f43-c192ecdaed1e,8/1/2024 19:23:29,,https://www.canva.com/xxxxxxxxxxxxxxxxxxxxxxxxx,184.0
581e0c61-097c-43a1-807a-d1f21bf13e0c,8/1/2024 19:23:29,,https://www.canva.com/xxxxxxxxxxxxxxxxxxxxxxxxx,185.0
3c24d078-c8f8-4f83-ab59-6d25c5b84bc2,6/3/2024 15:04:59,,https://docs.google.com/xxxxxxxxxxxxxxxxxxxxxxxxx,186.0
e490e589-c757-4a79-9fb9-b96dc034c08b,5/31/2025 11:17:05,,https://docs.google.com/xxxxxxxxxxxxxxxxxxxxxxxxx,187.0
41ae8e3f-715e-4fe0-aa5f-75aca345731c,8/1/2024 21:16:57,,https://www.canva.com/xxxxxxxxxxxxxxxxxxxxxxxxx,188.0
a9bdcbf6-4345-477c-a7a8-a7a09b29bd64,6/3/2024 15:04:59,,https://docs.google.com/xxxxxxxxxxxxxxxxxxxxxxxxx,189.0
2b7f0ba7-166f-43e5-9c60-056b72b479a4,8/1/2024 21:16:57,Offline,https://docs.google.com/xxxxxxxxxxxxxxxxxxxxxxxxx,190.0
8aef2d51-8022-4436-a3a6-8c80ea4e0d91,8/1/2024 21:16:57,,https://www.canva.com/xxxxxxxxxxxxxxxxxxxxxxxxx,191.0
d975480c-d90f-414e-a9e1-b1288c4fbd1c,8/1/2024 19:23:29,,https://www.canva.com/xxxxxxxxxxxxxxxxxxxxxxxxx,192.0
789055e5-3d0a-423a-bd82-c9fcfdf03bac,5/31/2025 11:17:05,,https://www.canva.com/xxxxxxxxxxxxxxxxxxxxxxxxx,193.0
6e83b88a-84c4-4f8a-8fa9-9ff48e48fa49,8/1/2024 21:16:57,Offline,https://www.canva.com/xxxxxxxxxxxxxxxxxxxxxxxxx,194.0
e9877472-82b1-472c-8e62-929561e5e2e7,6/3/2024 15:04:59,,https://docs.google.com/xxxxxxxxxxxxxxxxxxxxxxxxx,195.0
207a3175-fda0-43fb-8b30-c257bf055847,8/1/2024 19:23:29,Offline,https://docs.google.com/xxxxxxxxxxxxxxxxxxxxxxxxx,196.0
18ef96e8-9a73-4678-8c6c-772ce127d7f9,8/1/2024 21:16:57,,https://www.canva.com/xxxxxxxxxxxxxxxxxxxxxxxxx,197.0
2d289025-ff1e-4ba7-a201-6b6053e593e8,8/1/2024 21:16:57,,https://docs.google.com/xxxxxxxxxxxxxxxxxxxxxxxxx,198.0
9dafb395-690f-4613-9aed-1761724d82c8,6/3/2024 15:04:59,,https://docs.google.com/xxxxxxxxxxxxxxxxxxxxxxxxx,200.0
fe2ef5d1-e5b0-4c59-b553-8a14aa6485fd,6/3/2024 15:04:59,,https://docs.google.com/xxxxxxxxxxxxxxxxxxxxxxxxx,201.0
79ce6eb0-d1d0-42fe-b157-1bb64abf5596,5/31/2025 11:17:05,Offline,https://www.canva.com/xxxxxxxxxxxxxxxxxxxxxxxxx,202.0
4ac5d5c7-fcf8-4d13-8384-5e452e3c04af,5/31/2025 11:17:05,,https://docs.google.com/xxxxxxxxxxxxxxxxxxxxxxxxx,203.0
de26149b-380f-42c9-bdc1-a8584f2c5233,8/1/2024 19:23:29,,https://www.canva.com/xxxxxxxxxxxxxxxxxxxxxxxxx,204.0
cbaaf4cd-85c3-4140-9033-acedf90fa1cb,8/1/2024 21:16:57,,https://www.canva.com/xxxxxxxxxxxxxxxxxxxxxxxxx,205.0
6e65b841-848c-46e7-a8b3-15ca81055f6a,5/31/2025 11:17:05,,https://www.canva.com/xxxxxxxxxxxxxxxxxxxxxxxxx,206.0
f05a9269-3068-486a-b87d-fda9d757275c,8/1/2024 19:23:29,Offline,https://www.canva.com/xxxxxxxxxxxxxxxxxxxxxxxxx,207.0
23f67700-5b2a-4ebb-a7a6-2b6bd78cea75,8/1/2024 21:16:57,,https://docs.google.com/xxxxxxxxxxxxxxxxxxxxxxxxx,208.0
c43a7404-eeeb-4714-9bc9-598b448da6f9,8/1/2024 21:16:57,,https://www.canva.com/xxxxxxxxxxxxxxxxxxxxxxxxx,209.0
f09830ac-90c9-4f96-82d2-30a969c28516,8/1/2024 19:23:29,Offline,https://docs.google.com/xxxxxxxxxxxxxxxxxxxxxxxxx,210.0
b8d47eb3-c03a-46ae-9ccb-29bb9f61162b,8/1/2024 21:16:57,,https://docs.google.com/xxxxxxxxxxxxxxxxxxxxxxxxx,211.0
366c8261-243e-4eab-9695-6df81979597a,8/1/2024 21:16:57,Offline,https://docs.google.com/xxxxxxxxxxxxxxxxxxxxxxxxx,212.0
ae40a3a5-e900-4cbc-8955-280bd7529d92,5/31/2025 11:17:05,,https://docs.google.com/xxxxxxxxxxxxxxxxxxxxxxxxx,213.0
be1f9c71-c6b8-48c6-84bb-6ef5174954aa,8/1/2024 19:23:29,,https://docs.google.com/xxxxxxxxxxxxxxxxxxxxxxxxx,215.0
87fe0f9e-2ee2-4524-895b-5cb68e7b55ab,8/1/2024 21:16:57,,https://www.canva.com/xxxxxxxxxxxxxxxxxxxxxxxxx,216.0
f63a1efa-33c6-40c7-8688-ef9d34466284,6/3/2024 15:04:59,,https://docs.google.com/xxxxxxxxxxxxxxxxxxxxxxxxx,217.0
e9b443df-a15c-4c9f-b225-c44096cdcb9e,5/31/2025 11:17:05,,https://www.canva.com/xxxxxxxxxxxxxxxxxxxxxxxxx,218.0
a5a4ee5b-8385-4dfb-9185-a1deb1531cdb,8/1/2024 19:23:29,,https://docs.google.com/xxxxxxxxxxxxxxxxxxxxxxxxx,219.0
efee5412-be59-448d-9f6e-9a7dcf201113,6/3/2024 15:04:59,,https://docs.google.com/xxxxxxxxxxxxxxxxxxxxxxxxx,221.0
9c190f0c-c070-4a52-946b-462086f30106,8/1/2024 19:23:29,,https://docs.google.com/xxxxxxxxxxxxxxxxxxxxxxxxx,222.0
2b9d541b-cc79-4e7a-8aca-958bed3b2c61,5/31/2025 11:17:05,,https://docs.google.com/xxxxxxxxxxxxxxxxxxxxxxxxx,223.0
55284c4b-b914-4e5d-9551-79d8f5b4eb5d,6/3/2024 15:04:59,,https://docs.google.com/xxxxxxxxxxxxxxxxxxxxxxxxx,224.0
e70f6ce4-4606-4a3d-a5cb-3c22ac67b4ea,8/1/2024 19:23:29,,https://docs.google.com/xxxxxxxxxxxxxxxxxxxxxxxxx,225.0
393c8d69-3a0e-414a-8b81-6b069e1d3432,5/31/2025 11:17:05,,https://www.canva.com/xxxxxxxxxxxxxxxxxxxxxxxxx,226.0
b7ba5486-611f-4ead-9e37-51de7d6961bb,8/1/2024 21:16:57,,https://www.canva.com/xxxxxxxxxxxxxxxxxxxxxxxxx,227.0
7c032388-80b3-48e9-be91-56bf32f69e9c,5/31/2025 11:17:05,Offline,https://docs.google.com/xxxxxxxxxxxxxxxxxxxxxxxxx,228.0
651aa3c1-3bba-4b30-9471-e0f7857900f7,8/1/2024 19:23:29,,https://www.canva.com/xxxxxxxxxxxxxxxxxxxxxxxxx,229.0
d99430cc-3810-4660-823f-02144b19ea3d,5/31/2025 11:17:05,,https://docs.google.com/xxxxxxxxxxxxxxxxxxxxxxxxx,230.0
934eaca0-2d10-4419-8175-7812976e2931,8/1/2024 19:23:29,,https://www.canva.com/xxxxxxxxxxxxxxxxxxxxxxxxx,231.0
3715dae0-d872-499f-8f0c-fabf940e2bc0,8/1/2024 19:23:29,,https://www.canva.com/xxxxxxxxxxxxxxxxxxxxxxxxx,232.0
ad7840ca-5f92-40dd-963a-5f8460b3a9dd,8/1/2024 21:16:57,,https://docs.google.com/xxxxxxxxxxxxxxxxxxxxxxxxx,233.0
c7bf0ed5-820e-4544-920d-c50b944dec2c,6/3/2024 15:04:59,,https://docs.google.com/xxxxxxxxxxxxxxxxxxxxxxxxx,234.0
a2b117e7-ab57-476e-831c-33f7ceb1aa35,8/1/2024 19:23:29,,https://www.canva.com/xxxxxxxxxxxxxxxxxxxxxxxxx,236.0
c0db802b-635c-4f93-b4cb-7d9883a43093,5/31/2025 11:17:05,,https://docs.google.com/xxxxxxxxxxxxxxxxxxxxxxxxx,237.0
c6990f5b-cd7a-4dda-a877-6155653d134e,8/1/2024 19:23:29,,https://docs.google.com/xxxxxxxxxxxxxxxxxxxxxxxxx,238.0
b5ed5b65-c1bf-4b2f-b650-e60a5139f1bc,5/31/2025 11:17:05,,https://docs.google.com/xxxxxxxxxxxxxxxxxxxxxxxxx,239.0
820fb470-45af-4458-a617-8ea1f9d8915d,5/31/2025 11:17:05,,https://docs.google.com/xxxxxxxxxxxxxxxxxxxxxxxxx,240.0
1d9c5351-1850-448d-a113-86faf797165f,6/3/2024 15:04:59,,https://www.canva.com/xxxxxxxxxxxxxxxxxxxxxxxxx,242.0
ac1781e0-796b-4d94-a324-680e348fe2cb,6/3/2024 15:04:59,,https://docs.google.com/xxxxxxxxxxxxxxxxxxxxxxxxx,243.0
de511cef-1fc8-493b-bb99-d9ba30a042c9,8/1/2024 19:23:29,,https://www.canva.com/xxxxxxxxxxxxxxxxxxxxxxxxx,244.0
f21916d7-d541-4ce8-a39b-d7f0276da589,6/3/2024 15:04:59,Offline,https://docs.google.com/xxxxxxxxxxxxxxxxxxxxxxxxx,245.0
6f9ed042-aee1-4527-9335-284bb7d27521,8/1/2024 21:16:57,,https://docs.google.com/xxxxxxxxxxxxxxxxxxxxxxxxx,246.0
9a72950d-597c-4488-8d80-702130f485ee,8/1/2024 21:16:57,,https://docs.google.com/xxxxxxxxxxxxxxxxxxxxxxxxx,247.0
a07d4949-be64-47ce-b0d2-c4b3e775404e,8/1/2024 21:16:57,,https://docs.google.com/xxxxxxxxxxxxxxxxxxxxxxxxx,248.0
aac4a278-e82f-40cc-9662-861f6b2ac634,8/1/2024 21:16:57,,https://www.canva.com/xxxxxxxxxxxxxxxxxxxxxxxxx,249.0
b52aa66d-49b6-4823-b15d-19817ab072ab,6/3/2024 15:04:59,,https://www.canva.com/xxxxxxxxxxxxxxxxxxxxxxxxx,250.0
e0766991-32fc-4294-b1e2-a0dff52c64f2,8/1/2024 19:23:29,,https://docs.google.com/xxxxxxxxxxxxxxxxxxxxxxxxx,251.0
e11ba41b-805a-4223-afa6-67c773666985,6/3/2024 15:04:59,,https://docs.google.com/xxxxxxxxxxxxxxxxxxxxxxxxx,252.0
37801059-5d8a-4bb8-ac44-c92f83dbfa3a,8/1/2024 19:23:29,,https://www.canva.com/xxxxxxxxxxxxxxxxxxxxxxxxx,253.0
11cb3da8-b076-4554-b86b-ad619773b101,5/31/2025 11:17:05,,https://www.canva.com/xxxxxxxxxxxxxxxxxxxxxxxxx,254.0
a997b75b-15b5-4973-bd5c-0372fd8cb344,8/1/2024 21:16:57,,https://docs.google.com/xxxxxxxxxxxxxxxxxxxxxxxxx,255.0
e42c716f-8970-4881-89c6-3db8a37ccd35,8/1/2024 21:16:57,,https://docs.google.com/xxxxxxxxxxxxxxxxxxxxxxxxx,256.0
d5bb291b-06cc-4dec-968a-ce7db7529f77,8/1/2024 21:16:57,,https://docs.google.com/xxxxxxxxxxxxxxxxxxxxxxxxx,257.0
adc0ba52-ad0c-4888-9527-72d7900b42bd,8/1/2024 19:23:29,Offline,https://docs.google.com/xxxxxxxxxxxxxxxxxxxxxxxxx,259.0
53f8916f-1f81-4fd4-ba7e-b3574e6852eb,8/1/2024 21:16:57,,https://www.canva.com/xxxxxxxxxxxxxxxxxxxxxxxxx,260.0
1699c2dd-b2b5-4756-bc87-a4b933c25c01,6/3/2024 15:04:59,Offline,https://docs.google.com/xxxxxxxxxxxxxxxxxxxxxxxxx,261.0
f8a5ac4a-6f9a-4356-a9d7-142b91a4c9a4,8/1/2024 19:23:29,,https://www.canva.com/xxxxxxxxxxxxxxxxxxxxxxxxx,262.0
ed2064be-7d40-4f59-9e7d-d7e7dd54b118,6/3/2024 15:04:59,,https://docs.google.com/xxxxxxxxxxxxxxxxxxxxxxxxx,264.0
d057bbf9-c5fa-420a-9bb9-1f6322853d1c,8/1/2024 21:16:57,,https://www.canva.com/xxxxxxxxxxxxxxxxxxxxxxxxx,265.0
f2708137-31a5-416c-bbff-7155fb5aa25c,8/1/2024 21:16:57,,https://www.canva.com/xxxxxxxxxxxxxxxxxxxxxxxxx,266.0
be5ec881-1245-4f55-9f25-8f76599294aa,6/3/2024 15:04:59,,https://docs.google.com/xxxxxxxxxxxxxxxxxxxxxxxxx,267.0
9a61b41c-a3e3-4ee1-b5d0-fd87681fe92a,8/1/2024 21:16:57,Offline,https://docs.google.com/xxxxxxxxxxxxxxxxxxxxxxxxx,268.0
f6a23d22-7609-4675-b15a-07e2ac92d770,6/3/2024 15:04:59,,https://docs.google.com/xxxxxxxxxxxxxxxxxxxxxxxxx,269.0
5805dec2-b9a9-4314-9e19-729737c7a6c6,6/3/2024 15:04:59,,https://www.canva.com/xxxxxxxxxxxxxxxxxxxxxxxxx,270.0
984f5641-df2b-40ba-83b2-61ba8eabc65c,8/1/2024 21:16:57,,https://www.canva.com/xxxxxxxxxxxxxxxxxxxxxxxxx,271.0
af410c09-749d-4f0b-bdb1-f3d0e42a2b0f,8/1/2024 21:16:57,,https://docs.google.com/xxxxxxxxxxxxxxxxxxxxxxxxx,272.0
2e276933-00b1-44a5-93f7-8327f3fcca83,6/3/2024 15:04:59,,https://docs.google.com/xxxxxxxxxxxxxxxxxxxxxxxxx,273.0
899d5675-9fe8-4dde-af03-7b62ba95428c,8/1/2024 19:23:29,,https://docs.google.com/xxxxxxxxxxxxxxxxxxxxxxxxx,274.0
ceb7a529-86be-4dc4-b116-38797aabd2dd,8/1/2024 19:23:29,,https://www.canva.com/xxxxxxxxxxxxxxxxxxxxxxxxx,275.0
f2359723-11a9-4415-8278-4adb624d9e6b,8/1/2024 21:16:57,,https://docs.google.com/xxxxxxxxxxxxxxxxxxxxxxxxx,276.0
58326bf0-4f33-4c16-b328-cc206f87d423,8/1/2024 21:16:57,,https://docs.google.com/xxxxxxxxxxxxxxxxxxxxxxxxx,278.0
5c1e8c88-6c25-4e21-99e7-98f3140d754f,8/1/2024 21:16:57,Offline,https://www.canva.com/xxxxxxxxxxxxxxxxxxxxxxxxx,279.0
5cf62f0f-9b68-4dd7-9dd1-78727e147558,6/3/2024 15:04:59,,https://www.canva.com/xxxxxxxxxxxxxxxxxxxxxxxxx,280.0
93515f8d-d789-46de-bb36-728e6b16625a,6/3/2024 15:04:59,Offline,https://docs.google.com/xxxxxxxxxxxxxxxxxxxxxxxxx,281.0
5d11e9c3-db2d-42ce-a4b2-676294bcab5c,8/1/2024 19:23:29,,https://docs.google.com/xxxxxxxxxxxxxxxxxxxxxxxxx,282.0
7d446322-1542-4988-929c-6542663cfe0c,6/3/2024 15:04:59,,https://www.canva.com/xxxxxxxxxxxxxxxxxxxxxxxxx,283.0
caa1cb22-fbe5-43dd-bba4-11dd60e108aa,8/1/2024 21:16:57,,https://docs.google.com/xxxxxxxxxxxxxxxxxxxxxxxxx,284.0
29db820a-86ac-4510-88f7-184d6f9dcf9c,8/1/2024 21:16:57,,https://docs.google.com/xxxxxxxxxxxxxxxxxxxxxxxxx,285.0
b5bc6003-dc35-4ca6-b16c-1752ffb0d186,8/1/2024 19:23:29,,https://docs.google.com/xxxxxxxxxxxxxxxxxxxxxxxxx,286.0
6b544598-bc17-4e6f-9cd4-987f46c83902,6/3/2024 15:04:59,Offline,https://docs.google.com/xxxxxxxxxxxxxxxxxxxxxxxxx,287.0
b94abf88-995e-47ac-9dae-0fc713c19fd9,8/1/2024 19:23:29,,https://docs.google.com/xxxxxxxxxxxxxxxxxxxxxxxxx,288.0
c005b690-b142-4d65-85e4-6ae65a48024d,8/1/2024 19:23:29,Offline,https://docs.google.com/xxxxxxxxxxxxxxxxxxxxxxxxx,289.0
c44794ff-60de-42e8-9ac1-d221a8ab29c0,8/1/2024 19:23:29,Offline,https://docs.google.com/xxxxxxxxxxxxxxxxxxxxxxxxx,290.0
e10e6103-9fa7-4a16-bfe4-f437f8ccfdbc,8/1/2024 21:16:57,,https://docs.google.com/xxxxxxxxxxxxxxxxxxxxxxxxx,291.0
c34aed25-5a2c-400e-ba87-7168d634e3bd,5/31/2025 11:17:05,,https://docs.google.com/xxxxxxxxxxxxxxxxxxxxxxxxx,292.0
d1f141a2-1152-4522-ac13-eb572de63737,8/1/2024 19:23:29,,https://docs.google.com/xxxxxxxxxxxxxxxxxxxxxxxxx,293.0
6d494d2e-4ab9-4884-b620-e73214923863,5/31/2025 11:17:05,,https://docs.google.com/xxxxxxxxxxxxxxxxxxxxxxxxx,294.0
357bbbdb-8186-4709-a792-2b49f743fad2,6/3/2024 15:04:59,,https://www.canva.com/xxxxxxxxxxxxxxxxxxxxxxxxx,295.0
f4470d04-89ee-4c8e-99d8-4ed12535524b,5/31/2025 11:17:05,,https://www.canva.com/xxxxxxxxxxxxxxxxxxxxxxxxx,296.0
15500f87-5d38-4e31-b34d-fe209c3a5de4,6/3/2024 15:04:59,,https://www.canva.com/xxxxxxxxxxxxxxxxxxxxxxxxx,297.0
da0a8407-c3fa-42bc-bd2b-23e1c7cde8a9,8/1/2024 21:16:57,,https://docs.google.com/xxxxxxxxxxxxxxxxxxxxxxxxx,298.0
921eaf8b-9aee-46c9-8e43-76663964131c,5/31/2025 11:17:05,,https://www.canva.com/xxxxxxxxxxxxxxxxxxxxxxxxx,299.0
e469cc62-5dfe-42a1-be57-e686c98e01c6,5/31/2025 11:17:05,Offline,https://docs.google.com/xxxxxxxxxxxxxxxxxxxxxxxxx,300.0
ed9b6e30-d898-4452-97e1-ccbcff4a27bb,8/1/2024 21:16:57,,https://www.canva.com/xxxxxxxxxxxxxxxxxxxxxxxxx,301.0
40c6a39c-67fc-4202-b18e-ef0e0185bdd3,6/3/2024 15:04:59,,https://www.canva.com/xxxxxxxxxxxxxxxxxxxxxxxxx,302.0
9fdd2e9f-bbb9-4c36-ad62-91b8914dd0ea,6/3/2024 15:04:59,Offline,https://docs.google.com/xxxxxxxxxxxxxxxxxxxxxxxxx,303.0
d1adf242-5e1a-4a78-9c07-f0ba06758c42,8/1/2024 21:16:57,Offline,https://docs.google.com/xxxxxxxxxxxxxxxxxxxxxxxxx,304.0
3ebec66e-6765-4b6b-a97a-c0eb8314e327,8/1/2024 21:16:57,,https://docs.google.com/xxxxxxxxxxxxxxxxxxxxxxxxx,305.0
91e4721c-9e62-45f6-874a-878f40489739,6/3/2024 15:04:59,,https://docs.google.com/xxxxxxxxxxxxxxxxxxxxxxxxx,307.0
fcf4ee65-4267-4b08-bb3d-1860d83cb6e0,8/1/2024 19:23:29,Offline,https://docs.google.com/xxxxxxxxxxxxxxxxxxxxxxxxx,308.0
b8b1fa86-8f82-4898-a242-72dfdcfc0b75,6/3/2024 15:04:59,,https://www.canva.com/xxxxxxxxxxxxxxxxxxxxxxxxx,309.0
96491651-a46d-4fae-84ea-64c3c00a3071,8/1/2024 21:16:57,Offline,https://docs.google.com/xxxxxxxxxxxxxxxxxxxxxxxxx,310.0
c6843a46-7606-45f7-a642-7dfbe9bb61cf,8/1/2024 19:23:29,,https://docs.google.com/xxxxxxxxxxxxxxxxxxxxxxxxx,311.0
84d29b44-26c6-4b05-8a67-31831d35be32,6/3/2024 15:04:59,,https://docs.google.com/xxxxxxxxxxxxxxxxxxxxxxxxx,312.0
b8617d9b-d83b-4256-a87a-6edeaaedc6ba,8/1/2024 19:23:29,,https://docs.google.com/xxxxxxxxxxxxxxxxxxxxxxxxx,313.0
2c867a72-877a-4cfb-8d18-01990c6c4846,8/1/2024 19:23:29,,https://docs.google.com/xxxxxxxxxxxxxxxxxxxxxxxxx,314.0
88f20ee0-e749-487f-a908-12f8ab47142b,8/1/2024 21:16:57,,https://www.canva.com/xxxxxxxxxxxxxxxxxxxxxxxxx,315.0
e8cf2675-3727-4525-970c-77eff23acff5,8/1/2024 21:16:57,,https://docs.google.com/xxxxxxxxxxxxxxxxxxxxxxxxx,316.0
5d6539ff-441b-46cc-af23-5b77ff05230e,5/31/2025 11:17:05,,https://www.canva.com/xxxxxxxxxxxxxxxxxxxxxxxxx,317.0
4afd54fc-f5e7-41c3-beaf-b9b1270a218c,6/3/2024 15:04:59,,https://docs.google.com/xxxxxxxxxxxxxxxxxxxxxxxxx,318.0
1b8f176a-44b5-4b9f-b3aa-7fd66e2c5697,8/1/2024 19:23:29,,https://docs.google.com/xxxxxxxxxxxxxxxxxxxxxxxxx,319.0
b2120df0-7828-41fd-8a67-19bf1554d594,5/31/2025 11:17:05,,https://docs.google.com/xxxxxxxxxxxxxxxxxxxxxxxxx,320.0
cbce132e-cb8f-4aac-a1c1-a776704aebef,8/1/2024 19:23:29,,https://docs.google.com/xxxxxxxxxxxxxxxxxxxxxxxxx,321.0
391319c2-41bc-4213-ba51-0e06718e1803,6/3/2024 15:04:59,Offline,https://docs.google.com/xxxxxxxxxxxxxxxxxxxxxxxxx,323.0
8bad8df3-fd1c-47eb-a830-cd085d8918f1,5/31/2025 11:17:05,,https://docs.google.com/xxxxxxxxxxxxxxxxxxxxxxxxx,324.0
1f4653ef-22c9-4df4-acae-3ce6dcf43075,5/31/2025 11:17:05,,https://www.canva.com/xxxxxxxxxxxxxxxxxxxxxxxxx,325.0
6f2f152e-fe85-4611-857a-528266761927,6/3/2024 15:04:59,,https://www.canva.com/xxxxxxxxxxxxxxxxxxxxxxxxx,326.0
9c7b2243-d03e-419c-babb-f8b3ea3c8400,8/1/2024 19:23:29,,https://docs.google.com/xxxxxxxxxxxxxxxxxxxxxxxxx,327.0
a47a4348-5295-48e9-aea3-acb821b95f11,8/1/2024 21:16:57,,https://docs.google.com/xxxxxxxxxxxxxxxxxxxxxxxxx,328.0
6e77a16f-1fc0-43a6-bf10-ef592e2084ea,5/31/2025 11:17:05,,https://docs.google.com/xxxxxxxxxxxxxxxxxxxxxxxxx,329.0
14d84dec-8ae5-46d1-aebd-b3aa52f097ff,8/1/2024 21:16:57,Offline,https://www.canva.com/xxxxxxxxxxxxxxxxxxxxxxxxx,331.0
5fab557d-756e-44e7-8f28-2896570692b2,8/1/2024 21:16:57,Offline,https://docs.google.com/xxxxxxxxxxxxxxxxxxxxxxxxx,332.0
5d8a1dd5-498e-47ba-8bfc-62763467a996,8/1/2024 19:23:29,,https://www.canva.com/xxxxxxxxxxxxxxxxxxxxxxxxx,333.0
273a109b-52b8-4925-8536-22ceb3b716dc,6/3/2024 15:04:59,,https://docs.google.com/xxxxxxxxxxxxxxxxxxxxxxxxx,334.0
3cd61aab-db88-4ef9-8be4-5f94ff9698e7,8/1/2024 19:23:29,Offline,https://www.canva.com/xxxxxxxxxxxxxxxxxxxxxxxxx,335.0
eb5ab705-64b5-4824-80b1-748c0c01560b,8/1/2024 21:16:57,,https://www.canva.com/xxxxxxxxxxxxxxxxxxxxxxxxx,336.0
5febecf8-2d9f-471b-9303-cd8dd0f658af,6/3/2024 15:04:59,,https://docs.google.com/xxxxxxxxxxxxxxxxxxxxxxxxx,337.0
6b792bd6-6f66-4692-b446-832cc13edc39,8/1/2024 19:23:29,Offline,https://docs.google.com/xxxxxxxxxxxxxxxxxxxxxxxxx,338.0
606ef552-6427-489e-aec2-43a4a17643e2,5/31/2025 11:17:05,Offline,https://docs.google.com/xxxxxxxxxxxxxxxxxxxxxxxxx,339.0
8836f623-a6e4-442f-aa50-99c436187488,5/31/2025 11:17:05,,https://docs.google.com/xxxxxxxxxxxxxxxxxxxxxxxxx,340.0
7fab4381-0d58-4c87-890a-00f892c6b4d3,8/1/2024 21:16:57,,https://docs.google.com/xxxxxxxxxxxxxxxxxxxxxxxxx,342.0
4ff66c05-68eb-4bc1-9ed7-4ca15066eb3c,8/1/2024 21:16:57,,https://docs.google.com/xxxxxxxxxxxxxxxxxxxxxxxxx,343.0
3418969d-5c13-46ee-8df0-794019e7a64f,5/31/2025 11:17:05,,https://docs.google.com/xxxxxxxxxxxxxxxxxxxxxxxxx,344.0
95914d89-1f22-4630-8d62-91f2d8d0ed88,8/1/2024 21:16:57,Offline,https://docs.google.com/xxxxxxxxxxxxxxxxxxxxxxxxx,345.0
abeb14a7-d8db-429f-9acc-79ef8cdf9a02,5/31/2025 11:17:05,,https://www.canva.com/xxxxxxxxxxxxxxxxxxxxxxxxx,346.0
22c4015e-dc9e-4d9e-b7f2-3a69fe57a3b8,8/1/2024 19:23:29,Offline,https://docs.google.com/xxxxxxxxxxxxxxxxxxxxxxxxx,347.0
38f9af29-497a-49e7-b561-797d2a207cf0,8/1/2024 19:23:29,,https://www.canva.com/xxxxxxxxxxxxxxxxxxxxxxxxx,349.0
b8711a0e-32ab-47db-aeb9-91be60b918a4,8/1/2024 19:23:29,Offline,https://docs.google.com/xxxxxxxxxxxxxxxxxxxxxxxxx,350.0
77a3f484-80a6-4184-b278-fc2ba7a9bc4d,8/1/2024 21:16:57,,https://www.canva.com/xxxxxxxxxxxxxxxxxxxxxxxxx,351.0
b1d1a983-98bc-441f-96bf-b92fd2c78493,6/3/2024 15:04:59,,https://www.canva.com/xxxxxxxxxxxxxxxxxxxxxxxxx,353.0
4073acaa-d216-4e04-8729-bfadada4d095,8/1/2024 21:16:57,,https://docs.google.com/xxxxxxxxxxxxxxxxxxxxxxxxx,355.0
95d5bb8d-2790-43d4-a0a3-970e5fe6ac19,8/1/2024 19:23:29,,https://docs.google.com/xxxxxxxxxxxxxxxxxxxxxxxxx,356.0
60a29855-f1ba-4d16-a0e5-45fdc18d8780,6/3/2024 15:04:59,,https://docs.google.com/xxxxxxxxxxxxxxxxxxxxxxxxx,357.0
1da45063-2dc1-41f2-88ea-7f61fe7f9a19,8/1/2024 21:16:57,,https://docs.google.com/xxxxxxxxxxxxxxxxxxxxxxxxx,358.0
3ad458ed-6069-4907-a71e-efda23c5abff,8/1/2024 21:16:57,,https://docs.google.com/xxxxxxxxxxxxxxxxxxxxxxxxx,359.0
ec3f623a-65f2-4b0d-937b-d0d1c4325976,6/3/2024 15:04:59,Offline,https://docs.google.com/xxxxxxxxxxxxxxxxxxxxxxxxx,361.0
ce6e85c5-f384-4d46-b67e-a4ca72252a0a,6/3/2024 15:04:59,,https://docs.google.com/xxxxxxxxxxxxxxxxxxxxxxxxx,362.0
22573f4b-b316-4b08-8b75-d05541ea7fcd,8/1/2024 19:23:29,,https://www.canva.com/xxxxxxxxxxxxxxxxxxxxxxxxx,363.0
558a3ec4-7fbc-40e7-9553-f8cff87516c7,6/3/2024 15:04:59,,https://www.canva.com/xxxxxxxxxxxxxxxxxxxxxxxxx,364.0
93cc8629-4757-4a91-acbe-cb586e385c66,8/1/2024 21:16:57,Offline,https://docs.google.com/xxxxxxxxxxxxxxxxxxxxxxxxx,365.0
ff4a3b75-5599-4d90-95f0-8a1bf29c5849,8/1/2024 19:23:29,,https://docs.google.com/xxxxxxxxxxxxxxxxxxxxxxxxx,366.0
a59fa924-4733-471c-8754-f6595cd0e6f1,8/1/2024 19:23:29,,https://docs.google.com/xxxxxxxxxxxxxxxxxxxxxxxxx,367.0
8c45b709-a6d6-49b8-b996-e76dc0934213,5/31/2025 11:17:05,,https://docs.google.com/xxxxxxxxxxxxxxxxxxxxxxxxx,368.0
789b8d4b-a8d0-430d-9fd4-29d445b2f6f2,6/3/2024 15:04:59,,https://www.canva.com/xxxxxxxxxxxxxxxxxxxxxxxxx,369.0
c233c56b-6f1a-4f53-9f27-e39f5220f9d3,6/3/2024 15:04:59,,https://docs.google.com/xxxxxxxxxxxxxxxxxxxxxxxxx,370.0
357a2790-e856-4dd3-a0f5-8f6e14d0267f,5/31/2025 11:17:05,Offline,https://docs.google.com/xxxxxxxxxxxxxxxxxxxxxxxxx,371.0
d9196f86-a4c4-48aa-89e6-1f61947b8201,5/31/2025 11:17:05,Offline,https://docs.google.com/xxxxxxxxxxxxxxxxxxxxxxxxx,372.0
689f72f3-8a26-4eb9-abf2-c41108bc5bb6,8/1/2024 19:23:29,,https://docs.google.com/xxxxxxxxxxxxxxxxxxxxxxxxx,373.0
c1843817-41a0-4488-9c7a-5a537f4659b5,5/31/2025 11:17:05,,https://docs.google.com/xxxxxxxxxxxxxxxxxxxxxxxxx,374.0
752ccf1a-c3a9-463a-af5a-ee8a0815ddad,8/1/2024 21:16:57,Offline,https://docs.google.com/xxxxxxxxxxxxxxxxxxxxxxxxx,376.0
bd3c3d70-fe18-477c-bdc3-51c106bd41b5,6/3/2024 15:04:59,,https://docs.google.com/xxxxxxxxxxxxxxxxxxxxxxxxx,377.0
802f27c7-ea1a-4e42-97b3-8174f236e379,5/31/2025 11:17:05,,https://www.canva.com/xxxxxxxxxxxxxxxxxxxxxxxxx,378.0
d6d28a99-70f3-4053-961c-029e34621e96,8/1/2024 19:23:29,,https://docs.google.com/xxxxxxxxxxxxxxxxxxxxxxxxx,379.0
64f2a8ab-33f5-42c6-9ba5-54e65b6b5af4,8/1/2024 19:23:29,,https://docs.google.com/xxxxxxxxxxxxxxxxxxxxxxxxx,380.0
b57fcc40-677a-40da-9faa-265af0fca89d,8/1/2024 21:16:57,Offline,https://docs.google.com/xxxxxxxxxxxxxxxxxxxxxxxxx,381.0
dfc7c753-24c4-4193-ae2b-2ee1af876a13,8/1/2024 21:16:57,,https://www.canva.com/xxxxxxxxxxxxxxxxxxxxxxxxx,382.0
f96dc1f6-d3a8-4cf6-a3ab-6a1182d41edd,8/1/2024 19:23:29,,https://www.canva.com/xxxxxxxxxxxxxxxxxxxxxxxxx,384.0
a14d25d1-f7f8-4220-8946-96cf6b19cae9,8/1/2024 21:16:57,Offline,https://docs.google.com/xxxxxxxxxxxxxxxxxxxxxxxxx,385.0
2384d785-bbf8-4c79-be46-5e56d3e5feee,5/31/2025 11:17:05,Offline,https://docs.google.com/xxxxxxxxxxxxxxxxxxxxxxxxx,386.0
88c6509b-cbe2-47c6-ad02-97c92e300c48,8/1/2024 19:23:29,,https://docs.google.com/xxxxxxxxxxxxxxxxxxxxxxxxx,388.0
d8eb4bf2-57a4-4a6a-8865-4ce0bf2c9e12,8/1/2024 21:16:57,,https://www.canva.com/xxxxxxxxxxxxxxxxxxxxxxxxx,389.0
f627af83-24c8-4c96-a7fd-4e60eddea09e,6/3/2024 15:04:59,,https://www.canva.com/xxxxxxxxxxxxxxxxxxxxxxxxx,390.0
747f065e-55d2-47c9-ab2b-c349fcbc001d,5/31/2025 11:17:05,Offline,https://docs.google.com/xxxxxxxxxxxxxxxxxxxxxxxxx,392.0
59ad52ab-0325-4f71-bbf8-6d0eabc630ad,6/3/2024 15:04:59,Offline,https://docs.google.com/xxxxxxxxxxxxxxxxxxxxxxxxx,393.0
ddd0d578-3230-498c-9471-c90132d0399a,6/3/2024 15:04:59,Offline,https://docs.google.com/xxxxxxxxxxxxxxxxxxxxxxxxx,394.0
717bbe10-f11f-4197-820a-cc03420e2016,6/3/2024 15:04:59,,https://www.canva.com/xxxxxxxxxxxxxxxxxxxxxxxxx,395.0
3e262f96-1a3a-4620-a5cb-26350e9ead3e,8/1/2024 21:16:57,,https://www.canva.com/xxxxxxxxxxxxxxxxxxxxxxxxx,396.0
daba59b7-3cb9-4533-b8a8-9e0562490dd2,8/1/2024 21:16:57,,https://www.canva.com/xxxxxxxxxxxxxxxxxxxxxxxxx,397.0
da651f2b-7264-419b-86f7-c68c199ab2eb,8/1/2024 21:16:57,Offline,https://docs.google.com/xxxxxxxxxxxxxxxxxxxxxxxxx,398.0
2f586764-da78-499d-9a41-eafd03844e80,6/3/2024 15:04:59,Offline,https://www.canva.com/xxxxxxxxxxxxxxxxxxxxxxxxx,399.0
64272418-9b0a-406a-8bbe-e115bdbfc718,5/31/2025 11:17:05,,https://docs.google.com/xxxxxxxxxxxxxxxxxxxxxxxxx,400.0
6975f225-5acc-48bb-a80d-6a3a5e442fae,8/1/2024 21:16:57,Offline,https://www.canva.com/xxxxxxxxxxxxxxxxxxxxxxxxx,401.0
eeebd242-3df2-464c-9aa3-cd5781da8039,8/1/2024 21:16:57,,https://www.canva.com/xxxxxxxxxxxxxxxxxxxxxxxxx,402.0
cb05f3e4-515e-4567-9ec2-b3d043b9f1e4,8/1/2024 19:23:29,,https://docs.google.com/xxxxxxxxxxxxxxxxxxxxxxxxx,403.0
2f17238b-3151-4596-bd04-d55f4c80a066,6/3/2024 15:04:59,Offline,https://docs.google.com/xxxxxxxxxxxxxxxxxxxxxxxxx,404.0
c0f96359-1d50-4ea2-b4d2-98cffcc461bf,6/3/2024 15:04:59,,https://docs.google.com/xxxxxxxxxxxxxxxxxxxxxxxxx,407.0
cee74a0a-0b19-443e-93ff-152112089c51,8/1/2024 19:23:29,Offline,https://docs.google.com/xxxxxxxxxxxxxxxxxxxxxxxxx,408.0
bf94eb8d-5d4f-43d3-9528-ff5ef9009951,8/1/2024 19:23:29,,https://docs.google.com/xxxxxxxxxxxxxxxxxxxxxxxxx,409.0
7aaf2ee9-a6f9-4256-8f6b-742a0ee1ac2e,5/31/2025 11:17:05,,https://docs.google.com/xxxxxxxxxxxxxxxxxxxxxxxxx,410.0
83cff052-3ad9-416d-b26e-4797eccc0f10,8/1/2024 19:23:29,Offline,https://docs.google.com/xxxxxxxxxxxxxxxxxxxxxxxxx,411.0
78cb70fb-cca0-4d6b-83e3-0ca440be5174,8/1/2024 21:16:57,,https://docs.google.com/xxxxxxxxxxxxxxxxxxxxxxxxx,412.0
18d72f16-5e3b-4cdd-ac63-6847f84789e2,8/1/2024 21:16:57,,https://docs.google.com/xxxxxxxxxxxxxxxxxxxxxxxxx,413.0
d1953b54-615a-4056-af44-817e8a0c4b40,5/31/2025 11:17:05,Offline,https://docs.google.com/xxxxxxxxxxxxxxxxxxxxxxxxx,414.0
5cd193d4-8ecf-4845-a463-61edf2b05ff3,5/31/2025 11:17:05,,https://docs.google.com/xxxxxxxxxxxxxxxxxxxxxxxxx,415.0
7a0157cb-c6fc-4ec5-873e-fafdddf66174,5/31/2025 11:17:05,,https://docs.google.com/xxxxxxxxxxxxxxxxxxxxxxxxx,416.0
d2def5be-4ed5-4735-ba73-d6a360f58a69,8/1/2024 19:23:29,,https://docs.google.com/xxxxxxxxxxxxxxxxxxxxxxxxx,417.0
b07938ae-0ab3-44a5-9009-465521064ed4,6/3/2024 15:04:59,,https://docs.google.com/xxxxxxxxxxxxxxxxxxxxxxxxx,418.0
dab9d52e-ee1a-4508-a4d6-5dd373bb25f6,8/1/2024 19:23:29,Offline,https://www.canva.com/xxxxxxxxxxxxxxxxxxxxxxxxx,419.0
792a10ac-a9bb-45ce-af93-7a2619ef61fe,6/3/2024 15:04:59,,https://www.canva.com/xxxxxxxxxxxxxxxxxxxxxxxxx,420.0
24f641eb-913a-4416-84af-07ec8721940e,8/1/2024 21:16:57,Offline,https://docs.google.com/xxxxxxxxxxxxxxxxxxxxxxxxx,421.0
41c2499e-4649-4cd4-8476-d435c6166c58,5/31/2025 11:17:05,Offline,https://docs.google.com/xxxxxxxxxxxxxxxxxxxxxxxxx,422.0
f59c8c41-7c50-4929-a64d-49cf2e587423,8/1/2024 21:16:57,,https://docs.google.com/xxxxxxxxxxxxxxxxxxxxxxxxx,423.0
dbf069ee-b1dd-4b75-8b6e-73734ec2cb48,8/1/2024 21:16:57,,https://docs.google.com/xxxxxxxxxxxxxxxxxxxxxxxxx,424.0
ef4ca2ea-04a0-43cb-b257-87ad0f4d14b0,5/31/2025 11:17:05,,https://docs.google.com/xxxxxxxxxxxxxxxxxxxxxxxxx,425.0
4cab344d-1770-4c38-a71f-6d51e8f3b5cc,6/3/2024 15:04:59,,https://www.canva.com/xxxxxxxxxxxxxxxxxxxxxxxxx,426.0
48a6d994-4f5b-468f-a96b-9ebe47e8e279,5/31/2025 11:17:05,,https://docs.google.com/xxxxxxxxxxxxxxxxxxxxxxxxx,427.0
dceebdb5-1a91-4fa6-8072-aaa827868eb3,8/1/2024 19:23:29,,https://docs.google.com/xxxxxxxxxxxxxxxxxxxxxxxxx,428.0
2b46b282-1df9-4423-9625-2c6743a25144,8/1/2024 19:23:29,,https://docs.google.com/xxxxxxxxxxxxxxxxxxxxxxxxx,429.0
483a2cf3-98f9-456d-81d9-022710423c23,8/1/2024 21:16:57,Offline,https://www.canva.com/xxxxxxxxxxxxxxxxxxxxxxxxx,430.0
1fb37a6e-bfb4-48da-b71f-d813fb59ef1c,8/1/2024 21:16:57,,https://docs.google.com/xxxxxxxxxxxxxxxxxxxxxxxxx,431.0
2a205037-8c86-4372-a92d-d81ee9b38025,8/1/2024 21:16:57,,https://docs.google.com/xxxxxxxxxxxxxxxxxxxxxxxxx,432.0
44f5e566-7fef-484a-b881-c53d9249ae9b,8/1/2024 21:16:57,,https://docs.google.com/xxxxxxxxxxxxxxxxxxxxxxxxx,433.0
3dea5f61-f356-432f-b831-57df87d6b032,8/1/2024 21:16:57,,https://docs.google.com/xxxxxxxxxxxxxxxxxxxxxxxxx,434.0
d1d66775-cc03-42ea-ad3c-681efafb3682,5/31/2025 11:17:05,,https://www.canva.com/xxxxxxxxxxxxxxxxxxxxxxxxx,435.0
2ae01d22-116d-44c0-84be-cfad96fb519c,8/1/2024 21:16:57,,https://docs.google.com/xxxxxxxxxxxxxxxxxxxxxxxxx,436.0
b166452a-784d-4789-941e-1c7b8b6229f6,5/31/2025 11:17:05,,https://www.canva.com/xxxxxxxxxxxxxxxxxxxxxxxxx,437.0
1e22ce44-7a97-4f75-b7f5-d47bd96a8342,8/1/2024 21:16:57,Offline,https://docs.google.com/xxxxxxxxxxxxxxxxxxxxxxxxx,438.0
16b89a6a-1ce4-4a2d-b19e-8d37bc7c7c5e,6/3/2024 15:04:59,Offline,https://docs.google.com/xxxxxxxxxxxxxxxxxxxxxxxxx,440.0
663c3978-6013-4a55-9a58-5d538e435021,8/1/2024 19:23:29,,https://docs.google.com/xxxxxxxxxxxxxxxxxxxxxxxxx,441.0
7f337d29-cfd2-4a03-bbb9-ec6196e1d34d,8/1/2024 19:23:29,,https://docs.google.com/xxxxxxxxxxxxxxxxxxxxxxxxx,442.0
5ef119b1-883b-4964-8400-341414ee551a,6/3/2024 15:04:59,Offline,https://docs.google.com/xxxxxxxxxxxxxxxxxxxxxxxxx,443.0
709c8608-6cac-4147-9d6e-e8152ce6340c,8/1/2024 19:23:29,,https://docs.google.com/xxxxxxxxxxxxxxxxxxxxxxxxx,444.0
17f173bf-52a2-4042-80ee-6d30d0217f4c,8/1/2024 19:23:29,,https://docs.google.com/xxxxxxxxxxxxxxxxxxxxxxxxx,445.0
216de2aa-e0bf-41b4-92da-3ad50ab2af5e,8/1/2024 21:16:57,Offline,https://docs.google.com/xxxxxxxxxxxxxxxxxxxxxxxxx,446.0
9c2aadbd-036d-45e6-b130-7f3d98892dba,8/1/2024 19:23:29,,https://docs.google.com/xxxxxxxxxxxxxxxxxxxxxxxxx,447.0
4cf82814-1d7e-430c-bba3-247af2552306,8/1/2024 19:23:29,Offline,https://docs.google.com/xxxxxxxxxxxxxxxxxxxxxxxxx,448.0
b661cc43-3695-4a39-b0dc-21164ec6e199,8/1/2024 21:16:57,,https://docs.google.com/xxxxxxxxxxxxxxxxxxxxxxxxx,449.0
e04076e5-3fab-4e6b-9f79-38c54336e47b,6/3/2024 15:04:59,,https://www.canva.com/xxxxxxxxxxxxxxxxxxxxxxxxx,451.0
d59a405f-f8b3-49e9-9ac2-88dc3e6a1e53,8/1/2024 19:23:29,,https://docs.google.com/xxxxxxxxxxxxxxxxxxxxxxxxx,452.0
a133b00f-54e3-42c5-87db-f89de83c6874,8/1/2024 19:23:29,,https://docs.google.com/xxxxxxxxxxxxxxxxxxxxxxxxx,453.0
bcb872cd-f6f8-422c-8729-59be0b01e4c4,5/31/2025 11:17:05,Offline,https://docs.google.com/xxxxxxxxxxxxxxxxxxxxxxxxx,454.0
e18562d7-a549-49e1-ade6-2373fed3787d,8/1/2024 19:23:29,,https://docs.google.com/xxxxxxxxxxxxxxxxxxxxxxxxx,455.0
34099491-cba6-4b79-9c62-38e83f1cf9db,8/1/2024 21:16:57,,https://docs.google.com/xxxxxxxxxxxxxxxxxxxxxxxxx,456.0
5e454df6-a68f-4b76-b06a-f576ed27a11e,8/1/2024 19:23:29,Offline,https://docs.google.com/xxxxxxxxxxxxxxxxxxxxxxxxx,457.0
40ef5c66-cc76-49a6-851d-1b58fe2953d7,8/1/2024 19:23:29,,https://docs.google.com/xxxxxxxxxxxxxxxxxxxxxxxxx,458.0
3aa83f6f-e363-4f12-9770-8902a51fbfbc,6/3/2024 15:04:59,,https://docs.google.com/xxxxxxxxxxxxxxxxxxxxxxxxx,459.0
48aeea0c-cfef-4b4a-b94f-415455a9d7af,5/31/2025 11:17:05,Offline,https://www.canva.com/xxxxxxxxxxxxxxxxxxxxxxxxx,460.0
c4cf804a-7759-4269-8562-c7141d2c18c7,6/3/2024 15:04:59,,https://docs.google.com/xxxxxxxxxxxxxxxxxxxxxxxxx,461.0
a76629f6-fe9d-4e32-a4ab-46b9faf116a0,6/3/2024 15:04:59,,https://docs.google.com/xxxxxxxxxxxxxxxxxxxxxxxxx,462.0
6cfc3694-9d16-4d0e-be7d-e717b3e39ea9,6/3/2024 15:04:59,,https://docs.google.com/xxxxxxxxxxxxxxxxxxxxxxxxx,463.0
ba649e58-8a55-492c-bf39-5d660ebef5c7,8/1/2024 19:23:29,,https://docs.google.com/xxxxxxxxxxxxxxxxxxxxxxxxx,465.0
8e3026d2-a977-4221-a6cc-c30fd3590962,5/31/2025 11:17:05,,https://docs.google.com/xxxxxxxxxxxxxxxxxxxxxxxxx,466.0
1bbd002a-73c0-4f38-8e36-76560bba1f49,5/31/2025 11:17:05,,https://docs.google.com/xxxxxxxxxxxxxxxxxxxxxxxxx,467.0
e6574fcd-b5fd-40b8-b94a-e3fdf1c887b6,8/1/2024 21:16:57,,https://docs.google.com/xxxxxxxxxxxxxxxxxxxxxxxxx,468.0
1bfa930d-cf1c-479b-87e4-bae0f9073321,5/31/2025 11:17:05,,https://docs.google.com/xxxxxxxxxxxxxxxxxxxxxxxxx,469.0
3957973a-682a-4959-b576-9a085c8a44ae,8/1/2024 21:16:57,Offline,https://docs.google.com/xxxxxxxxxxxxxxxxxxxxxxxxx,470.0
45d72ac3-0209-493e-9d5a-8a966d562845,8/1/2024 19:23:29,,https://www.canva.com/xxxxxxxxxxxxxxxxxxxxxxxxx,471.0
19d5ec55-7543-48c4-8fbc-f01f5a9b2c95,5/31/2025 11:17:05,Offline,https://docs.google.com/xxxxxxxxxxxxxxxxxxxxxxxxx,472.0
c7cccd38-9e0f-4c94-acfb-557606e7aadf,5/31/2025 11:17:05,Offline,https://docs.google.com/xxxxxxxxxxxxxxxxxxxxxxxxx,473.0
fdf2851c-a685-4112-80fc-401747191dc3,8/1/2024 21:16:57,Offline,https://www.canva.com/xxxxxxxxxxxxxxxxxxxxxxxxx,474.0
67313ce6-34e5-492a-ab7b-4e50acceb029,6/3/2024 15:04:59,,https://docs.google.com/xxxxxxxxxxxxxxxxxxxxxxxxx,475.0
670e36fe-2b5e-4426-919b-889ef9ae7dc9,8/1/2024 19:23:29,,https://docs.google.com/xxxxxxxxxxxxxxxxxxxxxxxxx,476.0
49b93c8d-21cf-4307-90e1-12f87a2a75a4,8/1/2024 21:16:57,Offline,https://docs.google.com/xxxxxxxxxxxxxxxxxxxxxxxxx,477.0
e696ca58-d61a-449b-8aae-30772b7d92e3,8/1/2024 21:16:57,Offline,https://www.canva.com/xxxxxxxxxxxxxxxxxxxxxxxxx,478.0
aa994a1c-055e-4751-b4cf-ddc08d3a5f8c,5/31/2025 11:17:05,Offline,https://docs.google.com/xxxxxxxxxxxxxxxxxxxxxxxxx,479.0
aafce93e-6e5f-46ad-b186-d642d5a456a1,8/1/2024 21:16:57,Offline,https://www.canva.com/xxxxxxxxxxxxxxxxxxxxxxxxx,480.0
73b6df25-7321-4250-8a5d-2d58573b14ec,6/3/2024 15:04:59,Offline,https://docs.google.com/xxxxxxxxxxxxxxxxxxxxxxxxx,481.0
94173ad0-5841-4719-9ae3-44e387b19633,6/3/2024 15:04:59,,https://docs.google.com/xxxxxxxxxxxxxxxxxxxxxxxxx,482.0
c1133665-1bdf-4e34-ad54-083732118089,5/31/2025 11:17:05,,https://docs.google.com/xxxxxxxxxxxxxxxxxxxxxxxxx,483.0
6682a9bf-56ba-4596-8da7-14e90a00dcd4,8/1/2024 19:23:29,,https://docs.google.com/xxxxxxxxxxxxxxxxxxxxxxxxx,484.0
ebd78cae-0a5d-43ed-bf3e-b6c496bd4b64,8/1/2024 19:23:29,,https://docs.google.com/xxxxxxxxxxxxxxxxxxxxxxxxx,486.0
a1408643-a549-447c-b867-6886faa00fca,5/31/2025 11:17:05,,https://docs.google.com/xxxxxxxxxxxxxxxxxxxxxxxxx,487.0
2eebf90c-68dc-4631-a827-b59638b7ad52,5/31/2025 11:17:05,,https://docs.google.com/xxxxxxxxxxxxxxxxxxxxxxxxx,488.0
f1242db3-e5af-4813-a6f1-4c9e531776bd,8/1/2024 21:16:57,,https://docs.google.com/xxxxxxxxxxxxxxxxxxxxxxxxx,490.0
9f60f579-c330-400e-a75a-6d0d289424c1,8/1/2024 19:23:29,,https://docs.google.com/xxxxxxxxxxxxxxxxxxxxxxxxx,491.0
cee38db4-d8fb-4876-affb-408d23f0c5fc,6/3/2024 15:04:59,,https://docs.google.com/xxxxxxxxxxxxxxxxxxxxxxxxx,493.0
3d0ea613-5462-4785-91d0-04f2331473f5,6/3/2024 15:04:59,,https://www.canva.com/xxxxxxxxxxxxxxxxxxxxxxxxx,494.0
f0d0484f-f159-4fe0-8ed4-45dd77bc7cff,8/1/2024 19:23:29,,https://docs.google.com/xxxxxxxxxxxxxxxxxxxxxxxxx,495.0
ca5c06a4-b01e-4e89-b6e0-507d13da74e9,8/1/2024 21:16:57,,https://docs.google.com/xxxxxxxxxxxxxxxxxxxxxxxxx,496.0
71dfef48-bb94-46ba-9eb5-66c917e928c7,8/1/2024 21:16:57,Offline,https://docs.google.com/xxxxxxxxxxxxxxxxxxxxxxxxx,497.0
